# Kokoro v1.0 (csukuangfj/kokoro-multi-lang-v1_0 at f7b96bb), English files. path, bytes, SHA-256 (large files) or git blob SHA-1.
model.onnx	325560556	b40f62b166ac8164b0627ef48a0b358eda0985e272fb03ef5252e7206305da11
voices.bin	28200960	1c5a5b983d3d50d8586d437a51f3faa2da7919ce76a013c081e65671a3447c29
espeak-ng-data/ru_dict	8532392	f0f6181bbbf9e53cd1e8f9d26bde8fc62119c4f78181948f961cb29866e5e585
lexicon-gb-en.txt	6366635	c4cbb37316f62210dff52718a7afcaae24f50c032cc75ab47ae67b831d1049e7
lexicon-us-en.txt	5956885	7daaab53a181be9885b853a8582bf1838186317e5dadacbcef9c426d6fa0da14
espeak-ng-data/cmn_dict	1566335	109aaa7708d3727382acb3ae41d8e2094a7e2bb9f651a81835be22a6f08071fe
espeak-ng-data/lb_dict	687931	d0aee674c0a033c8c2b4fe9fc5243d91d569bf34
espeak-ng-data/yue_dict	563571	ed9cf0761c87b5de4e5ea8b5169d9a1b086a7ed7
espeak-ng-data/phondata	550424	5b3c94a570dc3bdc6500dcd92602faa0640503bc
espeak-ng-data/ar_dict	478165	108ff2becba0de921c2ffc1e9208e64623d6b613
espeak-ng-data/ia_dict	331275	2177d15355a1b2eb05dd904a31bee4bb6a435fd5
espeak-ng-data/fa_dict	292423	c67fb89ba0c0b0a9febd9245176a9547fe233d17
espeak-ng-data/da_dict	245287	23be1ca5f591f7b7f1009b3841443c52c4b4c150
espeak-ng-data/ta_dict	209553	7e51266d12d6c3d1f88fafb425964dc367e5234c
espeak-ng-data/en_dict	166944	b05b86152a011739d4cfebe716b43adcc9da76a2
espeak-ng-data/hu_dict	153785	560dc2a264e240357cd1fcfe8baccc81df4783e1
espeak-ng-data/it_dict	152889	aef22eb0656145431bd1bf6c6a1ab2bb28545c36
espeak-ng-data/ur_dict	133556	cfc9693b70c84acb6fbdb6da0101edbf767cdc08
espeak-ng-data/af_dict	121473	b6259eff5157e3f14491217ab8838d70be760ddb
espeak-ng-data/my_dict	95948	f60804ec7cd8cb7fcdefaef29c84a2cfb6228940
espeak-ng-data/ne_dict	95377	fa8e29c609530624870c1fdf6b1b1f8713193735
espeak-ng-data/te_dict	94837	36167c225f507c2268d2db372b2197a75852cd4c
espeak-ng-data/ml_dict	92345	e12f2227eaa41462dc68773a017848077aa53f8d
espeak-ng-data/hi_dict	92143	c612100bc5a6a59e0d6d00341093a9ddc7dd1d88
espeak-ng-data/bn_dict	89979	604b80f0c3f723843f9b314ba1ec81f60e228e17
espeak-ng-data/or_dict	89246	ad2d1919f9fadaceaa17095988d133823de2106d
espeak-ng-data/shn_dict	88172	625f6858bce5bfa8f1497bdcf5286ba506a630c8
espeak-ng-data/kn_dict	87828	6a41a8d58fc258e79eeea9e8e6d0e9bddfe98906
espeak-ng-data/ka_dict	87775	a43848b2e3d8364fbf706e2cb740d7bb4dfabf2b
espeak-ng-data/mr_dict	87391	2cbf14d5fdd463d6d462dcbdebe5cd8f0cc93756
espeak-ng-data/bg_dict	87051	ecd7f4a8dfa69fd2fcf4746ba58337e00b7afbd5
espeak-ng-data/si_dict	85384	9634893c3d783209cef8e8edb0ebdc73d12664fc
espeak-ng-data/gu_dict	82480	245afbb4773e89bba9436b300182615035bfdda6
espeak-ng-data/pa_dict	79953	08485ee87895c16e6f4296b325e1f2cc7c16338c
espeak-ng-data/pl_dict	76730	dcb413212121d06e25f467a6dd5594a0f1e0430c
espeak-ng-data/el_dict	72841	e6831f06bf823412350c657779ded7618424f353
espeak-ng-data/ro_dict	68538	22f7dfba34be2aeb4ff6950404e365447f9f699c
espeak-ng-data/de_dict	68276	6f7697c737b3715a1f42222c811a8d8a92f1baf7
espeak-ng-data/pt_dict	67817	c80197330f8c63a954cc0ff213197679230d9873
espeak-ng-data/lv_dict	66337	60d70b1b1b54cb8632e35bc36c53fd846ce599c1
espeak-ng-data/nl_dict	65979	4b371b1c73aec6dd6a3d0080d679617ab4f7d998
espeak-ng-data/ky_dict	64977	3ea39d99d53010e3a2f37fe6fd7d7df8e858ba44
espeak-ng-data/am_dict	63878	b2b04422e020d8705bc1a9932ff8eee4b6961789
espeak-ng-data/mk_dict	63859	974626c1cbbb5b8bee5747c21564e78337d123ef
espeak-ng-data/fr_dict	63727	560a8c6fe9ce9a692ece627375a3315c66a78298
espeak-ng-data/hy_dict	62263	7fb0fe31e706bc80bcddbf690d49ac43fe580769
espeak-ng-data/sd_dict	59928	c877d4419625e7e8f415d4d46f5cb53925289b63
espeak-ng-data/phontab	55796	5c25ca1f9ffd3d80c0bba5a5dea59edfdb9de573
espeak-ng-data/ms_dict	53541	cb6fc297422570bc91527189f21e5934538c9518
espeak-ng-data/ga_dict	52673	65338e22252665f524cc8978a4919f7a0f4da3b6
espeak-ng-data/vi_dict	52608	226a7990e387c3eb2ef0f1a55040b0908871c8db
espeak-ng-data/sk_dict	50002	cd99f8f0bb5d830a17160adffd4546bee69bf4d1
espeak-ng-data/lt_dict	49890	d0dd29f6ea77d2b94c36b9166fbb2a22d692c81e
espeak-ng-data/cs_dict	49645	cf916dab388320d9ccb9f699041c72bc3753b594
espeak-ng-data/hr_dict	49388	0ecec2df23ea541523645310f5cc85bd579bf81e
espeak-ng-data/es_dict	49252	c810ac740686e2dbdbb882f0cf3b2eb6b0fef6f1
espeak-ng-data/gd_dict	49121	3ce4b954ff1511957e5f9efd61e8bd4334bc6668
espeak-ng-data/eu_dict	48841	ff71e0503760c9ca582634382d0ee23d34772ab7
espeak-ng-data/sv_dict	47836	a4e3f6d80bfa8aef1a09b48cecd692d8b9a2a936
espeak-ng-data/sw_dict	47804	601f310cf01466e9cac43b379aceee256a5a49ef
espeak-ng-data/ja_dict	47652	9b29e2d2c803051d71c4838afdb168fae9797ec5
espeak-ng-data/ko_dict	47523	fd206732baa6eb93a27c784231deca69b682218e
espeak-ng-data/bs_dict	47068	71a38939fcc52f3af0b7d821b4c7556f65db8f23
espeak-ng-data/sr_dict	46832	63576dd3000c0b8155a8066d77a3008f2ac9ae3a
espeak-ng-data/tr_dict	46793	69d521fe51930cdcc03845b8a6c5c73440b63a11
espeak-ng-data/ca_dict	45566	f134d4e865516475926501642d31e42d3ca92a05
espeak-ng-data/sl_dict	45047	e13eb491873c85d606b597d3d1767c36d9b803ef
espeak-ng-data/sq_dict	45003	fccdbf3f0b699c8b7ebf1f95afbfa6d6b7fd0c9f
espeak-ng-data/is_dict	44354	935799a4aa1358944a215b665c5c1b02892bc600
espeak-ng-data/et_dict	44263	f336d145bfbfc07088e3985ffea1aac780717aca
espeak-ng-data/fi_dict	43928	a6028472fa331aa6ccd3f058339fd7d202cf1b97
espeak-ng-data/az_dict	43773	77ca0917d2e22701f96bdbef5e6ebacb2e3dd673
espeak-ng-data/id_dict	43458	6e71d720cf83326b61d572f00b31e955c1c82e4a
espeak-ng-data/cy_dict	43130	c4f738b51ddf72da4e07b6a00208fd8ac958c1c3
espeak-ng-data/phonindex	39074	03ba8068e7ab71932d2d1b2d6e55b5d63447b30d
espeak-ng-data/smj_dict	35095	203230f56493577b79e3330db08b127b76c37662
espeak-ng-data/phondata-manifest	21821	e7eac9a723e6382941752716b1ed6f5fbcbc44c7
espeak-ng-data/tk_dict	20868	e0dace413ebb64e700a24fa5b4ea957401b222c5
espeak-ng-data/he_dict	6963	e1037a6951d6e8181ae12f6bc0ba7217d6d397bd
espeak-ng-data/an_dict	6691	d10d32cefb100a3c4ddbcd232cf2eb22639f6b63
espeak-ng-data/kok_dict	6394	136be4b84245bedc818e58ff7ecdc3b3961db77e
espeak-ng-data/bpy_dict	5226	735496ff2f0de96af6bf9f3cc504b34369ba7b08
espeak-ng-data/as_dict	5005	0bec8d9cf301d3dbf59c7b2cf91046af33591a34
espeak-ng-data/eo_dict	4666	4ea54fe3ea595beb2b12e32cde9cb4c26ee358c9
espeak-ng-data/mt_dict	4384	8cc965b99b13ded3613a50590619c7221549ec56
espeak-ng-data/no_dict	4178	e1805fac18fbe948e8e4438d8954125878f25ded
espeak-ng-data/mto_dict	3960	280aaa44bb6da6170c5e02976cbf75dfbad03625
espeak-ng-data/voices/!v/Demonic	3858	131fe46ad061d60a4829dec5ebdcaeca49b12dd2
espeak-ng-data/la_dict	3806	3f30fd3fb492ef5b376188ff270709bc37de4184
espeak-ng-data/uk_dict	3492	326dc4469f914466e5890b44fa7fbe38dbb09314
espeak-ng-data/grc_dict	3433	1d9f3742c317fe8fec3fd1dbb50907a6111fb148
espeak-ng-data/hak_dict	3335	38adf87ece01f89ebce7c9b184ef6d3114478683
espeak-ng-data/nog_dict	3294	0819a517441ad972c5febb7023c2e2da93ffcc3d
espeak-ng-data/gn_dict	3248	ee7fa4b406cf308a8da6730d2738c96fe73531d7
espeak-ng-data/voices/!v/Mr serious	3193	4623c8486c714eafa399ff4b9dbc74ff2904ccab
espeak-ng-data/voices/!v/Tweaky	3189	f391d13b279c2ffce06eb5f0cd42f626b33a1e9c
espeak-ng-data/voices/!v/norbert	3189	a210789ab3acacf7d85676e8af8eb221795762b3
espeak-ng-data/voices/!v/john	3186	dce9446a0171b0759a406c8114910e0db96c2fa6
espeak-ng-data/voices/!v/ian	3168	3e3d40901bdbd3e19cffc497ad6f7cd7a3e60bc1
espeak-ng-data/voices/!v/pablo	3142	031e5fe7e4526901a3f071d01ee7c72ef7f83c7d
espeak-ng-data/tn_dict	3072	ffa39622667b4fc3940cb757df66d8a091905276
espeak-ng-data/qdb_dict	3028	18a6895b46092243e36f8673ad486c24e93fe823
espeak-ng-data/chr_dict	2859	b48216ce469254f909ee00b038beb2d92e00bd9e
espeak-ng-data/kl_dict	2838	10a0566cd496eec1dbe425c7f03f578a5236edd4
espeak-ng-data/lfn_dict	2793	9a8d4f89e88ae4d7393710888fc10f2d8ef0b8fc
espeak-ng-data/be_dict	2652	39d7434e784cad1cdce9bbd432fa11e223e4c526
espeak-ng-data/uz_dict	2540	c58fae50adba17c03470b8452e331c62f5e39832
espeak-ng-data/haw_dict	2443	a78245c2cc3c86163411ef6a9c25cee51b2ceece
espeak-ng-data/py_dict	2409	47b8123862b329cb8a4bc7f6c7fe2a0b2d3227a9
espeak-ng-data/om_dict	2302	81fa80d2f63b62c18c8ce10decaee07d6a8c2867
espeak-ng-data/th_dict	2301	f8689fdfb810a3960fd5a6b842a0758962c006bb
espeak-ng-data/ku_dict	2265	bf3d745cc3af42222a44828ef41bf2a78f33ac22
espeak-ng-data/jbo_dict	2243	938b323a35b15f1d902b37894b01ee481d0096c8
espeak-ng-data/io_dict	2165	e690ae89dd5cb5513c97d7b71d5341d780cb33b0
espeak-ng-data/pap_dict	2128	3fccee67864fc213bbd1a57fa9c9a778a201eb17
espeak-ng-data/tt_dict	2121	ef0b02bf07213d2ce66ec602b74165347f598cd1
espeak-ng-data/ba_dict	2098	f175c683436a0e725b399702f4b3fd206ef4817f
espeak-ng-data/ug_dict	2070	25f827fdebd0a278b4a3ee8cfc81c3c67c6a3090
espeak-ng-data/intonations	2040	ca2d4b362c3dc1dac7b5da760c33f7ad9c96047a
espeak-ng-data/qya_dict	1939	946894306c2d286a58bce52ce81ae11d1d6fd30a
espeak-ng-data/qu_dict	1919	afb6dcf0d44d221415f59abb8b7aebc09a689efb
espeak-ng-data/kk_dict	1859	7e02e2202a8713461d6f5b1613c70a3039e2534e
espeak-ng-data/ht_dict	1803	ada2b70587abdf581e62c6c5ed022ec4c470e63e
espeak-ng-data/sjn_dict	1783	ba76f7c2bcb6cda2eeee21663228fda709a395ee
espeak-ng-data/piqd_dict	1710	7924788c97ca7098bf7d790a2e12f450e8ce025b
espeak-ng-data/nci_dict	1534	4f001af82d7471b97f9a776c7633dee7f7bb6269
espeak-ng-data/quc_dict	1450	2361f7b5307db1d794bfc133572053b186a7a928
espeak-ng-data/mi_dict	1346	b727a301324d4e90fd0740817782e0ed225f1fc0
espeak-ng-data/cv_dict	1344	79311d995e9e29fb255207d628944e1ddab389ea
tokens.txt	687	4c5460434a54a6ce2b3fb6133d79dbc24f183e23
espeak-ng-data/lang/sit/cmn	686	451016d7a1354467aa592dc438ebb0d9ce164252
espeak-ng-data/lang/iro/chr	569	abe29382383b120877a30e5eba19ee1f85362789
espeak-ng-data/voices/!v/sandro	530	6dcfe02f7a5b32f6960c23d913d627377ef54207
espeak-ng-data/voices/!v/anikaRobot	512	791d2bbbb0c1a59a2a238abd728d0bb53ba3ffd9
espeak-ng-data/voices/!v/anika	493	2413c908c879b780b73edffba00dadf2cadca294
espeak-ng-data/voices/!v/Alicia	474	d33ed3a246bfd0ac7d5f4668c6b6fa11e110e8ce
espeak-ng-data/voices/!v/Marco	467	455cb2644c138936078ce67921dc0c8b3ef6aa3c
espeak-ng-data/voices/!v/robosoft3	455	15bbe347846484ec77b8c53e4cc8b66ee1f15fe8
espeak-ng-data/voices/!v/robosoft2	454	1695414aed649d6ae164e9c3ff543da8f1cd7ad3
espeak-ng-data/voices/!v/robosoft	451	0668d9ab71bec7f70c7111569daef3dfda956dd2
espeak-ng-data/voices/!v/robosoft4	447	5161a4fea38c8558c0834ad9657fda1124e95db1
espeak-ng-data/voices/!v/robosoft5	445	2420f89c48c64937313049ce6488f54a03c83268
espeak-ng-data/voices/!v/RicishayMax2	435	658513422979ae643cf5af53d5c614826208577c
espeak-ng-data/voices/!v/RicishayMax3	435	f48100279d7db2b92f82af1711a9ae07e4ca9322
espeak-ng-data/voices/!v/f5	432	7fa4f8826ae4d23cfd9770ea51413919e98df27f
espeak-ng-data/lang/poz/ms	430	27a2712af2df7835b414597dd065e3a6d6bf46bb
espeak-ng-data/voices/!v/Storm	420	6fd53bb47a018dcc7eb954996c8359143ac2433e
espeak-ng-data/voices/!v/UniRobot	417	f8892788da1acd19cae5f58c639e1ea08b205a5f
espeak-ng-data/voices/!v/robosoft7	410	25bf759b738a0262170fbd9f2007506537f82306
espeak-ng-data/voices/!v/michel	404	b9b5ecbd5aa4b571d56820d72ac10ace83438a5f
espeak-ng-data/voices/!v/whisperf	392	f239e8a29b79ec17c77dead6ddb1920103ceeec3
espeak-ng-data/voices/!v/travis	383	56c22f94020ca3fd164d075b11975f883c6e4ba0
espeak-ng-data/voices/!v/miguel	382	53d71e78caea5f6868ee304f7125ea83e733b9af
espeak-ng-data/voices/!v/Henrique	381	d3fa3d745e8104d4c5c287dbc7fa680ad1aa61d3
espeak-ng-data/voices/!v/antonio	381	a41b681be53383ceec7b8da60598f45e0a948680
espeak-ng-data/voices/!v/Diogo	379	1e51396647e155aad997db6342c458fbbdf93488
espeak-ng-data/voices/!v/Hugo	378	fe79235caa980c00755824578ac7817e7b00987c
espeak-ng-data/voices/!v/steph3	377	a92575582d63f0454d78af8857be123fc5546ac7
espeak-ng-data/voices/!v/f3	375	92a1582817dc2f8256db5a02bed320a05f6e5e43
espeak-ng-data/lang/poz/mi	367	fa1c71eb7dc334e3aaacf83722ea1aecc6c6acc7
espeak-ng-data/voices/!v/steph2	367	6ac109be67537a5f525f733c188f3f202df160ad
espeak-ng-data/lang/ine/hyw	365	9d5fe86badd04a69dba17abdcee4045c10279d77
espeak-ng-data/voices/!v/steph	364	e60b0dc6393ffc383705e840a90ebae67a4fbd8c
espeak-ng-data/voices/!v/AnxiousAndy	361	0ed1f35709eda69a01725cfc120c5dcb7e1f6e9c
espeak-ng-data/voices/!v/kaukovalta	361	82cda3318cf631d5840890f2f39af46c6274f18f
espeak-ng-data/voices/!v/aunty	358	7d721eec885ad34f33757f9e3eca1c8c7fc62323
espeak-ng-data/voices/!v/Andrea	357	39fb18667a55a535bb7361d56cc162712664a0d1
espeak-ng-data/voices/!v/f2	357	4122d96b39bf2bc1025a1c57ef01b8b03936773d
espeak-ng-data/voices/!v/quincy	354	dd75dadb81ca340f2e71171eb4d364e3aa22c1de
espeak-ng-data/voices/!v/pedro	352	5cc34db2c249581d67f2e03d6c455088d70f21c3
espeak-ng-data/voices/!v/f4	350	52c5ac93561331143a9caea14d6c0f008216b4e9
espeak-ng-data/voices/!v/linda	350	a56a8b05337ad8f8c5916061e887367aab35c617
espeak-ng-data/voices/!v/belinda	340	9a9e42b97aaf21781d9fff9adf07438d2cf67c1e
espeak-ng-data/voices/!v/Lee	338	e0194fa314edeae00019e3c4e134473f3c935cbb
espeak-ng-data/lang/gmw/en-029	335	493aae451c7859ed7b27afdc54ee37cf4926f78e
espeak-ng-data/voices/!v/m1	335	4cc9a00bf7597081158aad2e9a60ca1571259406
espeak-ng-data/voices/!v/f1	324	8f03a73a4722952860a41ec3800fdcb479806320
espeak-ng-data/voices/!v/Andy	320	25582fb550cfbaf5ac8942b699a2c019ba90a6d5
espeak-ng-data/voices/!v/Annie	315	3c5b035551b0febe269c4935b41ab6074c35a2aa
espeak-ng-data/lang/bat/ltg	312	1041d9e3bb94d68595b5962ea78805bf5eb66b8b
espeak-ng-data/voices/!v/Denis	305	23c7fb70249820f3e83c7ef1de75309a06997f79
espeak-ng-data/voices/!v/announcer	300	71e0795d322ee12a3cc7f7feb984e0b61366a1f1
espeak-ng-data/voices/!v/m3	300	00479dc35082ef3724f143d895514567913d7c61
espeak-ng-data/lang/itc/la	297	c57270f92de40f4002bcfd7066bbe1b952b816af
espeak-ng-data/lang/gmw/en-GB-scotland	295	a4655a0e8bf9190e36dbc574d6e4267ea118a35c
espeak-ng-data/voices/!v/m4	290	7199341c34f93f5fa5219ff479e82edaee5d7936
espeak-ng-data/voices/!v/ed	287	7f293fc684f4b27c7e95cf81a7a82e335702bb17
espeak-ng-data/voices/!v/robosoft6	287	d3be1588fa7517e6ac6c6d92689a9029b8b97d64
espeak-ng-data/voices/!v/m8	284	c03ca3eb300cb60e8a84c3fb514695871128bcb5
espeak-ng-data/voices/!v/paul	284	9015cd3756624017a0e6ff975ceddc06b75cadb2
espeak-ng-data/voices/!v/Gene2	283	20e8f6f334fb978432a5335852989eecc201b56a
espeak-ng-data/voices/!v/Gene	281	3db343bca1d8cbf5a6d0c7c4001a43b6d63458fb
espeak-ng-data/lang/zle/ru-LV	280	fc9541baaf612902e3736d5102d4c84a4f7cd4db
espeak-ng-data/voices/!v/Nguyen	280	50c72fc697c24d3297885547883627ac60fc4ba7
espeak-ng-data/voices/!v/shelby	280	21292d418f95d73dc4eb1e8eacc6f4ef17deee90
espeak-ng-data/voices/!v/iven2	279	e61fd73538ada58b0ea12791fe160d0b75093952
espeak-ng-data/voices/!v/zac	275	ca415a660b70d1eec84e6d37a5e89954de80ff88
espeak-ng-data/voices/!v/robert	274	46f50758e19dc5201baea7eba9b5c2ab4fb276a1
espeak-ng-data/lang/gmw/en-US-nyc	271	2d76f88a0a8429d754cfeb1470011a7ec6bbd829
espeak-ng-data/voices/!v/Mario	270	3ace369534e2c91b1e4ae44c018af8a35548d185
espeak-ng-data/voices/!v/Michael	270	e155ea856bed20290e271243c9522c4e873a2211
espeak-ng-data/lang/ira/fa-Latn	269	02c6da6e1a88b492b021ef6f2b504181b2c9e05a
espeak-ng-data/voices/!v/Jacky	267	e0884ed07ac35ff0f4f251ea7772a833cf3e351d
espeak-ng-data/voices/!v/rob	265	d7c7ae4e16b403549d2c9fcd64d67c132b19183d
espeak-ng-data/voices/!v/m2	264	c234f46877a761d5c98fda2cbbeb172dc2efc81a
espeak-ng-data/voices/!v/grandma	263	395ebe2203e880bc9366a1243074258d783906f2
espeak-ng-data/lang/zls/hr	262	d1cae3a3fb7f244adad4f032c8f4d144e4f66d16
espeak-ng-data/voices/!v/iven3	262	a58e74599e84a95be7c95ddc57b326cf9bed2545
espeak-ng-data/voices/!v/m5	262	d25865608d7d973e77c77d13bbdbe3ae454d864d
espeak-ng-data/voices/!v/iven	261	3b8c120263c6b0f18bd764408d5e79857986c062
espeak-ng-data/voices/!v/iven4	261	43084c15d1ec12ec4170e886d914c06491c2e01f
espeak-ng-data/lang/gmw/en-US	257	31db652b206219c5b66d6018144a4ff45fd663c9
espeak-ng-data/voices/!v/grandpa	256	41a870c3fbc182bef1102e1e7253c651ec836fc4
espeak-ng-data/voices/!v/m7	254	11b49ed2a71db37f9af7c8305ec4006adc84bef3
espeak-ng-data/voices/!v/gustave	253	ce1d71b947d2cf73f80571fe25f5909dd0e0fd0b
espeak-ng-data/voices/!v/victor	253	fa275e891824d6dc75c0c2c0ec47ed81e9609d0f
espeak-ng-data/voices/!v/marcelo	251	8df9651b7a72e811a25e6ec14c578d7e4f9f4c30
espeak-ng-data/lang/zls/sr	250	81e339072d93c67752fb72e129ec87158ccf0bc6
espeak-ng-data/lang/gmw/en-GB-x-rp	249	fb72cf1f796d2a247121277ed6dad2324aeb094b
espeak-ng-data/voices/!v/robosoft8	243	5c84bd5f18aa3d304828373dac51ce926d245cdc
espeak-ng-data/lang/gmw/en-GB-x-gbclan	238	f54a06b7c662e1e7b558272f5bdaee8257bc52d9
espeak-ng-data/lang/urj/et	237	096565f971760a3d951cd8052f6a257c226e7c76
espeak-ng-data/lang/urj/fi	237	fe2447c897fc16c4e4e5cf1b851c2fec61fbefc0
espeak-ng-data/voices/!v/RicishayMax	233	b269b64154a143efddefd5ebcb10c1059178d064
espeak-ng-data/lang/zls/bs	230	01fd1746e0ca156928f5298484372656e3411c0d
espeak-ng-data/lang/bat/lv	229	70eb61dcb5ab1c303f66f3588375d0db0a87e3c8
espeak-ng-data/voices/!v/max	225	e3c2889b9e8082512f9f280427d2ed5a29232b76
espeak-ng-data/voices/!v/boris	224	02e03ced1e87eb7d663fe1051f2c0615ac4bcc2f
espeak-ng-data/lang/sit/yue-Latn-jyutping	213	2324cd7df408adfe2f2355a54019d2a8469c0236
espeak-ng-data/lang/myn/quc	210	e8e0ec6bc2d2d70224ca65ab579ca5f9ac7f215e
espeak-ng-data/voices/!v/Reed	202	1ccdf5d4c3bf47bb1c4d51012237db71794058b3
espeak-ng-data/voices/!v/benjamin	201	c3006438358a8bdfc3e6f3070966799013835042
espeak-ng-data/lang/sit/yue	194	d65fac1f0c08dd9bc6990324fdce98ff1078fa6e
espeak-ng-data/lang/gmw/en-GB-x-gbcwmd	188	1831f9a9643766087e447184bfb49a4eeba651dd
espeak-ng-data/voices/!v/m6	188	bd336a9884877889e2f85ee1849f8a068d2c6279
espeak-ng-data/voices/!v/mike2	188	2715f4d04fb4b2f9f7a91da8f5a74b2a19eea21f
espeak-ng-data/voices/!v/whisper	186	4f8f5e88f436d478b126c5c4eccf3568e398c26f
espeak-ng-data/lang/miz/mto	183	eb0f75ff5b53f51aeadefd08bda1f1ba5330c1c5
espeak-ng-data/lang/art/sjn	175	f927bc93b8729011a0e4bae90c79e9b2bb554e7d
espeak-ng-data/lang/art/qya	173	2b515813b48ce99fab0a72ac81bc022f1988615d
espeak-ng-data/lang/roa/es-419	167	236bef0bf68d7ac1c887295714cefd2164b29a7d
espeak-ng-data/lang/sit/cmn-Latn-pinyin	161	4b63db71687d812168078e5d02341db7381eff74
espeak-ng-data/voices/!v/edward2	152	abee6aaa4c7d710c67698dd9a54900536b233427
espeak-ng-data/voices/!v/edward	151	303f50518bcc86bd3810eea2b2861a0c95a69f09
espeak-ng-data/voices/!v/fast	149	a2c3da2a9d7656ba8e4c3d2ee025ac03af118396
espeak-ng-data/lang/aav/vi-VN-x-central	143	0defacaa6e3e0412f44adcd0a0404f73d4b4f6d8
espeak-ng-data/lang/aav/vi-VN-x-south	142	4c32561d6b95b9715753bc50a1d6570bfd887a8d
espeak-ng-data/lang/art/py	140	850a34e870bfc384c85c509314dee96fd1529c13
espeak-ng-data/lang/gmw/en	140	f23fb53124eb2a927dd796154f3fdc41c38467fc
espeak-ng-data/lang/roa/ht	140	8b5722584c03f947ed0eac26f0fd327121576551
espeak-ng-data/lang/art/lfn	135	d5e43871e3e19da947d7564b4efa59fc52d46585
espeak-ng-data/lang/poz/id	134	d300372fbad3479491f79303c9021445f9c3d096
espeak-ng-data/lang/sit/hak	128	0c3bf14c6008798929d4362b09e0b2abb302c4a2
espeak-ng-data/voices/!v/Alex	128	10c6b6e68680440d3b527ffc9416331a240dd159
espeak-ng-data/lang/ccs/ka	124	2a789b3c60ebf8b08193926c8d99559836645f09
espeak-ng-data/lang/gmw/af	123	64fc96f55bfe2520b30d73fc3bfd01638c2db6e6
espeak-ng-data/lang/azc/nci	114	f1896379e0d0fe63a325d9e49138066d97479a70
espeak-ng-data/voices/!v/Mike	112	93ea4d89402c811f0254c169105c5bd5472d8e58
espeak-ng-data/voices/!v/david	112	7dc75ddbc558f61e1fb8e62f44236b9a5f86f477
espeak-ng-data/lang/aav/vi	111	7808128d708fb0dcdf0d0b7f87efa4eabad6fd51
espeak-ng-data/lang/zls/bg	111	870c04240ab42c5612bc95c406dfa6dae916faa5
espeak-ng-data/lang/roa/it	109	ad7bb50e6016183958c9de74c9205aba749800d7
espeak-ng-data/lang/roa/pt-BR	109	52b850c38e0751b369fdd108ae411ce6ab9bd6b1
espeak-ng-data/lang/ine/sq	103	9ace35766585509e735b71c888926b7c05b23cf0
espeak-ng-data/lang/grk/grc	99	baa8b2c691a46217c99e3c3d149257fe988ed84a
espeak-ng-data/lang/zle/uk	97	b318c235d93d4d22d552035079d2ba26aa06ce45
espeak-ng-data/lang/roa/pt	95	5041b511e1a584c3aabc742c9637ea4f1b20e2a6
espeak-ng-data/lang/inc/ur	94	16e546959d9037457ca27de709b12329f5ae5efd
espeak-ng-data/voices/!v/croak	93	ae76a4c4deb77d53e7ee512c3e85f45ba802dd08
espeak-ng-data/lang/tai/shn	92	8d30384d1d1eb4ecf24e81d19575d08ac1dbd97b
espeak-ng-data/lang/zle/ru-cl	91	ad100cafdc6eec479c14d8a57b9a242ab6d7f1c0
espeak-ng-data/lang/ira/fa	90	5a0c2b6d05020a9f29a53de0eb225a8852686a85
espeak-ng-data/lang/qu	88	aa717f296f4547dddc289569301231f41ae1c543
espeak-ng-data/lang/gmq/nb	87	c29117f5308e85aab12aea73c149880b8586a989
espeak-ng-data/lang/roa/fr-CH	86	2e45fbd1903431ea4c34fac94d1ae4b9d76f441d
espeak-ng-data/lang/roa/fr-BE	84	1a0311f94ffc2514ab6128b2e771441bf6eb7464
espeak-ng-data/lang/roa/fr	79	9e0b9440c5419b5f26ad9e845b35e7c9cc1b3a94
espeak-ng-data/voices/!v/adam	75	a9f3d2ae32ad344b6493a452ed6304039c512c74
espeak-ng-data/lang/urj/hu	73	f5bb295851500cfdc971cc93596c1f4b186291ab
espeak-ng-data/lang/dra/te	70	8acbb1879d65664ef24b6ebe0d393250f7d62cee
espeak-ng-data/lang/art/jbo	69	9cf2f3098dcfc611ce96feb498e4b8e82e0305eb
espeak-ng-data/lang/cel/ga	66	9fea2ae7dd02a65fe819286022bbdf32b3afa1a4
espeak-ng-data/lang/inc/sd	66	51cf8afed21c85194fcbbbb2d253c894655645cd
espeak-ng-data/lang/roa/es	63	dc90e41c64f2e89713bd2e1cf06bd30c31227579
espeak-ng-data/lang/roa/pap	62	b9e07fe03ecd05f481609a84a38dddfafaf45c86
espeak-ng-data/lang/ine/hy	61	ee0be2fe32c29eb5b7d975eb85e5084a8864d90b
espeak-ng-data/lang/art/qdb	57	eb5ea363bd721d08bbb157f60390c55db556adc7
espeak-ng-data/lang/dra/ml	57	92394bbcb29dcfa4f010467b9f7df9c46678380f
espeak-ng-data/lang/zle/ru	57	959754b6505a7e1145b202f4c2e09634a1530e66
espeak-ng-data/voices/!v/caleb	57	9c8a5b9ce9e954db5fd7e31199ab7cf0b5bfe44f
espeak-ng-data/lang/art/piqd	56	49367cd84d5f92fb3a1b3af582eb4d1b510f5a72
espeak-ng-data/lang/sit/my	56	3dbc767a878f06e5602f778f2172772e8d784f05
espeak-ng-data/lang/dra/kn	55	a32732c4551286acc9203506d6651d2b12a93c46
espeak-ng-data/lang/inc/si	55	3f877191fce068307567db93ed671aec9092613d
espeak-ng-data/lang/eu	54	ef132e5b83168f01e7ec76b533e7c9f43abe2b51
espeak-ng-data/lang/jpx/ja	52	20e21a1e9bdb38913ece9d00324add13579988fc
espeak-ng-data/lang/zle/be	52	31b14e53dd60db67d99416d420361d77c364a383
espeak-ng-data/lang/cel/gd	51	e416f6fa36def26fe7645e65de200c637b75418b
espeak-ng-data/lang/dra/ta	51	aae63348a624705561ec4800990168fbfe03a1e9
espeak-ng-data/lang/ko	51	f03ba091b68d61453dcdac7e5a6cbc8c88cdc4da
espeak-ng-data/lang/art/io	50	c50f9fabaff626a538020de2a85000907fba4913
espeak-ng-data/lang/sem/ar	50	5219808639e8f00f3074c0122b8c9e4941cb7705
espeak-ng-data/lang/sai/gn	47	6e183e5aea08c2eb43d57ea9e58fcc07bb1e41f7
espeak-ng-data/lang/trk/az	45	fd9e4f33e8eee103bf5feef32bf8a7f793e5588a
espeak-ng-data/lang/urj/smj	45	316559cf378436760a7520902bfb85d9f2bc34f3
espeak-ng-data/lang/gmq/da	43	58f02f15a7047676f47fccd99b78471478101653
espeak-ng-data/lang/trk/ky	43	c031449e81bc81a8dd70031b88ad03939e3de51e
espeak-ng-data/lang/zls/sl	43	b7bf01f233519061fb6b054ddba2f609105a6248
espeak-ng-data/lang/bnt/tn	42	8b484e43647227abd923fb22711f5792c95ecf29
espeak-ng-data/lang/gmw/de	42	a43cc1a55385cb2955be6aa501588e8b26585bed
espeak-ng-data/lang/inc/as	42	23991ad7d3b0d0f31891290b5da62bb5ae2f1169
espeak-ng-data/lang/inc/gu	42	fcdacd21e9e98e4ca56adcea3a5c3b8ef61aa58b
espeak-ng-data/lang/map/haw	42	c0869132769f42249d01d08d01cb5ddbdfff6a33
espeak-ng-data/lang/art/eo	41	e47501faef940e2f935350084f8d49b6a4ff6a32
espeak-ng-data/lang/bnt/sw	41	d1a4db33cc76a2aa53e6cbdef185475706e6b46f
espeak-ng-data/lang/inc/mr	41	d9181f908b6dd2a3767e0c89326d767bce3b5293
espeak-ng-data/lang/sem/am	41	87ed65a3a8aaf31050cd221ba1a3e26fdc9d88ce
espeak-ng-data/lang/sem/mt	41	ea8a3fce48af567f0426c8c6aecde0b9748cdf35
espeak-ng-data/lang/ira/ku	40	b26bca250fc3e03c23c345ad18e49303c6e15551
espeak-ng-data/lang/sem/he	40	38cce90a6b877a7e0587ff467a2dc595587ecdfc
espeak-ng-data/lang/trk/cv	40	44e37f676fc6e4e5a4d904ebf8d0c05740e4bbaf
espeak-ng-data/lang/trk/kk	40	df3b0a0784c307e2eabe389922b08a2c606814bc
espeak-ng-data/lang/cus/om	39	1d6b396defd28e39a093a234c62d2d5aae29e2f0
espeak-ng-data/lang/inc/bpy	39	b63bc8d1c67ae9d71fd53ea622c7ed04b9fcee31
espeak-ng-data/lang/inc/or	39	95a990ecdc1f4fa0b267e03c32a6840ca0ecafa9
espeak-ng-data/lang/trk/nog	39	691d0310678e3625a64090760b314ae18c94d017
espeak-ng-data/lang/trk/uz	39	b1a7586c0368b48da098d88cfc9185c029089b71
espeak-ng-data/voices/!v/klatt3	39	b1a874be65ad7df189c933f4c576475f29d15f67
espeak-ng-data/voices/!v/klatt4	39	65278087cbd1ab1d32164f458d385ec8a61131d0
espeak-ng-data/voices/!v/klatt5	39	9d831fb213106b80bd42497099550cb56ac6e240
espeak-ng-data/voices/!v/klatt6	39	7656ab355205ae2a1cf613f787b3126da659e3d3
espeak-ng-data/lang/zlw/pl	38	b85f56be3585e926bd8f5c26ce3309e3936904c5
espeak-ng-data/voices/!v/klatt	38	b739a86e488eeec6f5693b7ee2590f84d6c95191
espeak-ng-data/voices/!v/klatt2	38	01477be5465c04d4cfd46ab95003f17445731d74
espeak-ng-data/lang/cel/cy	37	6d0213294bcbee353b58a90ab6fd21926386dfee
espeak-ng-data/lang/inc/ne	37	4b64cc2b0a8b934e3e789c3b82f618c178bbe4ae
espeak-ng-data/lang/tai/th	37	9b337c1390bf22f8c5aed27c793b32c8b85877aa
espeak-ng-data/lang/gmw/lb	31	79724594261cfe4f2d36b3f05813db963d67af30
espeak-ng-data/lang/esx/kl	30	e581b58814d49bfbd060f80a16d2e3758235f480
espeak-ng-data/lang/art/ia	29	6a14728771b428773f11afd28036e82ace24d0b1
espeak-ng-data/lang/bat/lt	28	7cdb1930f20db7a2ed80b4f0adfe41d2821dcbe8
espeak-ng-data/lang/zls/mk	28	380c20b6c29d79708915eecd2d796a79ca400add
espeak-ng-data/lang/gmq/is	27	04bf5ad364789a3833f4d24f56a51de0ec815517
espeak-ng-data/lang/roa/an	27	dc75aa8e82ebb38baec6510dc5fb929b9d1880a0
espeak-ng-data/lang/inc/kok	26	f2b1cc53a8bfb04efb49712f013f615d6307eb4a
espeak-ng-data/lang/roa/ro	26	94441efe88d71f8f7d3494eed80e78bde348577d
espeak-ng-data/lang/gmq/sv	25	bb2d0299e001268aa07e85318b83442cd826b3da
espeak-ng-data/lang/inc/bn	25	c79180269e431d6116bb97102f6301e881432e36
espeak-ng-data/lang/inc/pa	25	0e9552d33dcd14c7cd4f6aa244d1706c8ab2648e
espeak-ng-data/lang/roa/ca	25	54af356f7a222827df6f870679182d12af2e6dde
espeak-ng-data/lang/trk/ba	25	09fab4805761e10f099deb423dd5ce4aca17a347
espeak-ng-data/lang/trk/tk	25	795413a3b3a83f58d6035e7b72a6e72898e6af24
espeak-ng-data/lang/trk/tr	25	1d5cbc4955a00a20d5d2444edfa60b861c43ed77
espeak-ng-data/lang/trk/ug	24	f81b44fc01eee002d8d11cb7eda9a872fb67a5ac
espeak-ng-data/lang/zlw/sk	24	e849e61be357d0776423541b59486258019c5c06
espeak-ng-data/lang/gmw/nl	23	a212fbef6256c1414d259aa3c3f3d1e4b2e3563c
espeak-ng-data/lang/grk/el	23	548a01bcf017abbcc46437941f28b108e2a56ec7
espeak-ng-data/lang/inc/hi	23	16ea3892959431fcb901c242525817669042a93f
espeak-ng-data/lang/trk/tt	23	10ebba4c1c47d91b99a9f4f0914b9a69bf539325
espeak-ng-data/lang/zlw/cs	23	5c3bf2ac5b9c7ac39154b6890d8b0641597e6c77
